Country,Total Species,Species per Sq Km
Samoa,26,0.009154929577464789
Tonga,28,0.037333333333333336
Tuvalu,16,0.5333333333333333
